{"proxies":{"ti.imagepicker.ImagepickerModule":{"superPackageName":"org.appcelerator.kroll","methods":{"resizeAsAspect":{"runOnUiThread":false,"hasInvocation":false,"args":[{"converter":"org.appcelerator.kroll.KrollConverter","defaultValueProvider":"org.appcelerator.kroll.KrollConverter","name":"filePath","sourceName":"filePath","type":"java.lang.String"},{"converter":"org.appcelerator.kroll.KrollConverter","defaultValueProvider":"org.appcelerator.kroll.KrollConverter","name":"reqWidth","sourceName":"reqWidth","type":"int"},{"converter":"org.appcelerator.kroll.KrollConverter","defaultValueProvider":"org.appcelerator.kroll.KrollConverter","name":"reqHeight","sourceName":"reqHeight","type":"int"}],"apiName":"resizeAsAspect","converter":"org.appcelerator.kroll.KrollConverter","defaultValueProvider":"org.appcelerator.kroll.KrollConverter","name":"__default_name__","returnType":"org.appcelerator.titanium.TiBlob"},"createCustomGallery":{"runOnUiThread":false,"hasInvocation":false,"args":[{"converter":"org.appcelerator.kroll.KrollConverter","defaultValueProvider":"org.appcelerator.kroll.KrollConverter","name":"options","sourceName":"options","type":"org.appcelerator.kroll.KrollDict"}],"apiName":"createCustomGallery","converter":"org.appcelerator.kroll.KrollConverter","defaultValueProvider":"org.appcelerator.kroll.KrollConverter","name":"__default_name__","returnType":"void"},"openGallery":{"runOnUiThread":false,"hasInvocation":false,"args":[{"converter":"org.appcelerator.kroll.KrollConverter","defaultValueProvider":"org.appcelerator.kroll.KrollConverter","name":"options","optional":true,"sourceName":"options","type":"org.appcelerator.kroll.KrollDict"}],"apiName":"openGallery","converter":"org.appcelerator.kroll.KrollConverter","defaultValueProvider":"org.appcelerator.kroll.KrollConverter","name":"__default_name__","returnType":"void"},"getImage":{"runOnUiThread":false,"hasInvocation":false,"args":[{"converter":"org.appcelerator.kroll.KrollConverter","defaultValueProvider":"org.appcelerator.kroll.KrollConverter","name":"filePath","sourceName":"filePath","type":"java.lang.String"}],"apiName":"getImage","converter":"org.appcelerator.kroll.KrollConverter","defaultValueProvider":"org.appcelerator.kroll.KrollConverter","name":"__default_name__","returnType":"org.appcelerator.titanium.TiBlob"},"resizeAsSame":{"runOnUiThread":false,"hasInvocation":false,"args":[{"converter":"org.appcelerator.kroll.KrollConverter","defaultValueProvider":"org.appcelerator.kroll.KrollConverter","name":"filePath","sourceName":"filePath","type":"java.lang.String"},{"converter":"org.appcelerator.kroll.KrollConverter","defaultValueProvider":"org.appcelerator.kroll.KrollConverter","name":"reqWidth","sourceName":"reqWidth","type":"int"},{"converter":"org.appcelerator.kroll.KrollConverter","defaultValueProvider":"org.appcelerator.kroll.KrollConverter","name":"reqHeight","sourceName":"reqHeight","type":"int"}],"apiName":"resizeAsSame","converter":"org.appcelerator.kroll.KrollConverter","defaultValueProvider":"org.appcelerator.kroll.KrollConverter","name":"__default_name__","returnType":"org.appcelerator.titanium.TiBlob"}},"superProxyClassName":"KrollModule","isModule":true,"genClassName":"ImagepickerModuleBindingGen","superProxyBindingClassName":"org.appcelerator.kroll.KrollModuleBindingGen","proxyClassName":"ImagepickerModule","proxyAttrs":{"propertyAccessors":[],"fullAPIName":"Imagepicker","name":"Imagepicker","proxyClassName":"ti.imagepicker.ImagepickerModule","isTopLevel":false,"id":"ti.imagepicker"},"packageName":"ti.imagepicker","sourceName":"ti.imagepicker.ImagepickerModuleBindingGen","constants":{"SHAPE_SQUARE":{"proxyName":"SHAPE_SQUARE","name":"SHAPE_SQUARE","type":"int","value":1},"SHAPE_CIRCLE":{"proxyName":"SHAPE_CIRCLE","name":"SHAPE_CIRCLE","type":"int","value":2}},"isTitaniumSdk":false,"onAppCreate":"onAppCreate"}},"modules":{"ti.imagepicker.ImagepickerModule":{"apiName":"Imagepicker"}}}